member_name,reading,party,faction,constituency,election_count,updated_at
逢沢一郎,あいさわ いちろう,自由民主党,自由民主党・無所属の会,岡山1,14,2026-05-19
青木ひとみ,あおき ひとみ,参政党,参政党,（比）北関東,1,2026-05-19
青柳仁士,あおやぎ ひとし,日本維新の会,日本維新の会,大阪14,3,2026-05-19
青山繁晴,あおやま しげはる,自由民主党,自由民主党・無所属の会,兵庫8,1,2026-05-19
青山周平,あおやま しゅうへい,自由民主党,自由民主党・無所属の会,愛知12,5,2026-05-19
赤澤亮正,あかざわ りょうせい,自由民主党,自由民主党・無所属の会,鳥取2,8,2026-05-19
赤羽一嘉,あかば かずよし,中道改革連合,中道改革連合・無所属,（比）近畿,11,2026-05-19
あかま二郎,あかま じろう,自由民主党,自由民主党・無所属の会,神奈川14,7,2026-05-19
秋葉賢也,あきば けんや,自由民主党,自由民主党・無所属の会,（比）東北,8,2026-05-19
浅田眞澄美,あさだ ますみ,自由民主党,自由民主党・無所属の会,（比）九州,1,2026-05-19
浅野哲,あさの さとし,国民民主党,国民民主党・無所属クラブ,茨城5,4,2026-05-19
東国幹,あずま くによし,自由民主党,自由民主党・無所属の会,北海道6,3,2026-05-19
東徹,あずま とおる,日本維新の会,日本維新の会,大阪3,2,2026-05-19
畦元将吾,あぜもと しょうご,自由民主党,自由民主党・無所属の会,東京6,3,2026-05-19
麻生太郎,あそう たろう,自由民主党,自由民主党・無所属の会,福岡8,16,2026-05-19
阿部圭史,あべ けいし,日本維新の会,日本維新の会,兵庫2,2,2026-05-19
阿部司,あべ つかさ,日本維新の会,日本維新の会,（比）東京,3,2026-05-19
あべ俊子,あべ としこ,自由民主党,自由民主党・無所属の会,（比）中国,8,2026-05-19
阿部弘樹,あべ ひろき,自由民主党,自由民主党・無所属の会,（比）九州,3,2026-05-19
有田芳生,ありた よしふ,中道改革連合,中道改革連合・無所属,（比）東北,2,2026-05-19
安藤たかお,あんどう たかお,自由民主党,自由民主党・無所属の会,東京28,3,2026-05-19
飯泉嘉門,いいずみ かもん,国民民主党,国民民主党・無所属クラブ,（比）四国,1,2026-05-19
五十嵐清,いがらし きよし,自由民主党,自由民主党・無所属の会,栃木2,3,2026-05-19
池下卓,いけした たく,日本維新の会,日本維新の会,大阪10,3,2026-05-19
池畑浩太朗,いけはた こうたろう,日本維新の会,日本維新の会,（比）近畿,3,2026-05-19
伊佐進一,いさ しんいち,中道改革連合,中道改革連合・無所属,（比）近畿,5,2026-05-19
石井啓一,いしい けいいち,無所属,無所属,（比）北関東,11,2026-05-19
石井拓,いしい たく,自由民主党,自由民主党・無所属の会,愛知13,2,2026-05-19
石川昭政,いしかわ あきまさ,自由民主党,自由民主党・無所属の会,（比）北関東,5,2026-05-19
石川勝,いしかわ まさる,参政党,参政党,（比）近畿,1,2026-05-19
石坂太,いしざか まさる,自由民主党,自由民主党・無所属の会,栃木4,1,2026-05-19
石田真敏,いしだ まさとし,自由民主党,自由民主党・無所属の会,（比）近畿,10,2026-05-19
石原宏高,いしはら ひろたか,自由民主党,自由民主党・無所属の会,東京3,7,2026-05-19
石原正敬,いしはら まさたか,自由民主党,自由民主党・無所属の会,三重3,2,2026-05-19
石破茂,いしば しげる,自由民主党,自由民主党・無所属の会,鳥取1,14,2026-05-19
石橋林太郎,いしばし りんたろう,自由民主党,自由民主党・無所属の会,広島3,3,2026-05-19
泉健太,いずみ けんた,中道改革連合,中道改革連合・無所属,京都3,10,2026-05-19
一谷勇一郎,いちたに ゆういちろう,日本維新の会,日本維新の会,（比）近畿,2,2026-05-19
市村浩一郎,いちむら こういちろう,日本維新の会,日本維新の会,（比）近畿,6,2026-05-19
井出庸生,いで ようせい,自由民主党,自由民主党・無所属の会,長野3,6,2026-05-19
伊藤恵介,いとう けいすけ,参政党,参政党,（比）東海,1,2026-05-19
伊藤聡,いとう さとし,自由民主党,自由民主党・無所属の会,（比）南関東,1,2026-05-19
伊藤信太郎,いとう しんたろう,自由民主党,自由民主党・無所属の会,（比）東北,8,2026-05-19
伊藤忠彦,いとう ただひこ,自由民主党,自由民主党・無所属の会,愛知8,7,2026-05-19
伊藤達也,いとう たつや,自由民主党,自由民主党・無所属の会,東京22,11,2026-05-19
伊東信久,いとう のぶひさ,日本維新の会,日本維新の会,（比）近畿,5,2026-05-19
伊東良孝,いとう よしたか,自由民主党,自由民主党・無所属の会,（比）北海道,7,2026-05-19
井戸まさえ,いど まさえ,国民民主党,国民民主党・無所属クラブ,（比）東京,2,2026-05-19
稲田朋美,いなだ ともみ,自由民主党,自由民主党・無所属の会,福井1,8,2026-05-19
稲葉大輔,いなば だいすけ,自由民主党,自由民主党・無所属の会,静岡8,1,2026-05-19
犬飼明佳,いぬかい あきよし,中道改革連合,中道改革連合・無所属,（比）東海,1,2026-05-19
井野俊郎,いの としろう,自由民主党,自由民主党・無所属の会,群馬2,6,2026-05-19
井上信治,いのうえ しんじ,自由民主党,自由民主党・無所属の会,東京25,9,2026-05-19
井上貴博,いのうえ たかひろ,自由民主党,自由民主党・無所属の会,福岡1,6,2026-05-19
井上英孝,いのうえ ひでたか,日本維新の会,日本維新の会,大阪1,6,2026-05-19
井原巧,いはら たくみ,自由民主党,自由民主党・無所属の会,愛媛2,2,2026-05-19
井原隆,いはら ゆたか,自由民主党,自由民主党・無所属の会,埼玉5,1,2026-05-19
井林辰憲,いばやし たつのり,自由民主党,自由民主党・無所属の会,静岡2,6,2026-05-19
今枝宗一郎,いまえだ そういちろう,自由民主党,自由民主党・無所属の会,愛知14,6,2026-05-19
今岡植,いまおか うえき,自由民主党,自由民主党・無所属の会,東京26,1,2026-05-19
岩崎比菜,いわさき ひな,自由民主党,自由民主党・無所属の会,（比）南関東,1,2026-05-19
岩田和親,いわた かずちか,自由民主党,自由民主党・無所属の会,佐賀1,6,2026-05-19
岩谷良平,いわたに りょうへい,日本維新の会,日本維新の会,大阪13,3,2026-05-19
岩屋毅,いわや たけし,自由民主党,自由民主党・無所属の会,大分3,11,2026-05-19
上杉謙太郎,うえすぎ けんたろう,自由民主党,自由民主党・無所属の会,福島3,3,2026-05-19
上田英俊,うえだ えいしゅん,自由民主党,自由民主党・無所属の会,富山2,3,2026-05-19
上野賢一郎,うえの けんいちろう,自由民主党,自由民主党・無所属の会,滋賀2,7,2026-05-19
上野宏史,うえの ひろし,自由民主党,自由民主党・無所属の会,（比）九州,3,2026-05-19
上原正裕,うえはら まさひろ,自由民主党,自由民主党・無所属の会,神奈川9,1,2026-05-19
浮島智子,うきしま ともこ,中道改革連合,中道改革連合・無所属,（比）北海道,6,2026-05-19
宇佐美登,うさみ のぼる,チームみらい,チームみらい,（比）東京,3,2026-05-19
臼木秀剛,うすき ひでたけ,国民民主党,国民民主党・無所属クラブ,（比）北海道,2,2026-05-19
内山こう,うちやま こう,自由民主党,自由民主党・無所属の会,新潟1,1,2026-05-19
梅村聡,うめむら さとし,日本維新の会,日本維新の会,大阪5,2,2026-05-19
浦野靖人,うらの やすと,日本維新の会,日本維新の会,大阪15,6,2026-05-19
うるま譲司,うるま じょうじ,日本維新の会,日本維新の会,大阪8,3,2026-05-19
江渡聡徳,えと あきのり,自由民主党,自由民主党・無所属の会,（比）東北,10,2026-05-19
江藤拓,えとう たく,自由民主党,自由民主党・無所属の会,（比）九州,9,2026-05-19
衛藤博昭,えとう ひろあき,自由民主党,自由民主党・無所属の会,大分1,1,2026-05-19
英利アルフィヤ,えり あるふぃや,自由民主党,自由民主党・無所属の会,千葉5,3,2026-05-19
遠藤敬,えんどう たかし,日本維新の会,日本維新の会,大阪18,6,2026-05-19
遠藤寛明,えんどう ひろあき,自由民主党,自由民主党・無所属の会,山形1,1,2026-05-19
大岡敏孝,おおおか としたか,自由民主党,自由民主党・無所属の会,滋賀1,6,2026-05-19
大串正樹,おおぐし まさき,自由民主党,自由民主党・無所属の会,兵庫6,6,2026-05-19
大島敦,おおしま あつし,中道改革連合,中道改革連合・無所属,（比）北関東,10,2026-05-19
大空幸星,おおぞら こうき,自由民主党,自由民主党・無所属の会,東京15,2,2026-05-19
大塚拓,おおつか たく,自由民主党,自由民主党・無所属の会,埼玉9,6,2026-05-19
大西洋平,おおにし ようへい,自由民主党,自由民主党・無所属の会,東京16,2,2026-05-19
大野敬太郎,おおの けいたろう,自由民主党,自由民主党・無所属の会,香川3,6,2026-05-19
大森江里子,おおもり えりこ,中道改革連合,中道改革連合・無所属,（比）東京,2,2026-05-19
岡野純子,おかの じゅんこ,国民民主党,国民民主党・無所属クラブ,（比）南関東,2,2026-05-19
岡本三成,おかもと みつなり,中道改革連合,中道改革連合・無所属,（比）東京,6,2026-05-19
岡本康宏,おかもと やすひろ,自由民主党,自由民主党・無所属の会,愛知5,1,2026-05-19
緒方林太郎,おがた りんたろう,無所属,無所属,福岡9,5,2026-05-19
小川淳也,おがわ じゅんや,中道改革連合,中道改革連合・無所属,香川1,8,2026-05-19
奥下剛光,おくした たけみつ,日本維新の会,日本維新の会,大阪7,3,2026-05-19
長田紘一郎,おさだ こういちろう,自由民主党,自由民主党・無所属の会,（比）東海,1,2026-05-19
尾崎正直,おざき まさなお,自由民主党,自由民主党・無所属の会,高知2,3,2026-05-19
小里泰弘,おざと やすひろ,自由民主党,自由民主党・無所属の会,（比）九州,7,2026-05-19
小竹凱,おだけ かい,国民民主党,国民民主党・無所属クラブ,（比）北陸信越,2,2026-05-19
小田原潔,おだわら きよし,自由民主党,自由民主党・無所属の会,東京21,5,2026-05-19
落合貴之,おちあい たかゆき,中道改革連合,中道改革連合・無所属,（比）東京,5,2026-05-19
鬼木誠,おにき まこと,自由民主党,自由民主党・無所属の会,福岡2,6,2026-05-19
小野寺五典,おのでら いつのり,自由民主党,自由民主党・無所属の会,宮城5,10,2026-05-19
尾花瑛仁,おばな あきひと,自由民主党,自由民主党・無所属の会,埼玉6,1,2026-05-19
小渕優子,おぶち ゆうこ,自由民主党,自由民主党・無所属の会,群馬5,10,2026-05-19
尾身朝子,おみ あさこ,自由民主党,自由民主党・無所属の会,（比）北関東,4,2026-05-19
河西宏一,かさい こういち,中道改革連合,中道改革連合・無所属,（比）東京,3,2026-05-19
鹿嶋祐介,かしま ゆうすけ,自由民主党,自由民主党・無所属の会,千葉4,1,2026-05-19
柏倉祐司,かしわくら ゆうじ,日本維新の会,日本維新の会,（比）北関東,2,2026-05-19
梶山弘志,かじやま ひろし,自由民主党,自由民主党・無所属の会,茨城4,10,2026-05-19
勝俣孝明,かつまた たかあき,自由民主党,自由民主党・無所属の会,静岡6,6,2026-05-19
勝目康,かつめ やすし,自由民主党,自由民主党・無所属の会,京都1,3,2026-05-19
加藤鮎子,かとう あゆこ,自由民主党,自由民主党・無所属の会,山形3,5,2026-05-19
加藤勝信,かとう かつのぶ,自由民主党,自由民主党・無所属の会,岡山3,9,2026-05-19
加藤貴弘,かとう たかひろ,自由民主党,自由民主党・無所属の会,北海道1,1,2026-05-19
加藤大博,かとう ともひろ,自由民主党,自由民主党・無所属の会,岐阜4,1,2026-05-19
加藤竜祥,かとう りゅうしょう,自由民主党,自由民主党・無所属の会,長崎2,3,2026-05-19
門寛子,かど ひろこ,自由民主党,自由民主党・無所属の会,東京8,1,2026-05-19
門山宏哲,かどやま ひろあき,自由民主党,自由民主党・無所属の会,千葉1,5,2026-05-19
金澤結衣,かなざわ ゆい,自由民主党,自由民主党・無所属の会,神奈川20,1,2026-05-19
金子恵美,かねこ えみ,中道改革連合,中道改革連合・無所属,（比）東北,5,2026-05-19
金子恭之,かねこ やすし,自由民主党,自由民主党・無所属の会,熊本4,10,2026-05-19
金子容三,かねこ ようぞう,自由民主党,自由民主党・無所属の会,長崎3,3,2026-05-19
金村龍那,かねむら りゅうな,日本維新の会,日本維新の会,（比）南関東,3,2026-05-19
上川陽子,かみかわ ようこ,自由民主党,自由民主党・無所属の会,静岡1,9,2026-05-19
神谷裕,かみや ひろし,中道改革連合,中道改革連合・無所属,北海道10,4,2026-05-19
川裕一郎,かわ ゆういちろう,参政党,参政党,（比）北陸信越,1,2026-05-19
河井昭成,かわい あきなり,国民民主党,国民民主党・無所属クラブ,（比）近畿,1,2026-05-19
河合道雄,かわい みちお,チームみらい,チームみらい,（比）南関東,1,2026-05-19
川崎ひでと,かわさき ひでと,自由民主党,自由民主党・無所属の会,三重2,3,2026-05-19
河野正美,かわの まさみ,自由民主党,自由民主党・無所属の会,（比）九州,3,2026-05-19
河野義博,かわの よしひろ,中道改革連合,中道改革連合・無所属,（比）九州,1,2026-05-19
川松真一朗,かわまつ しんいちろう,自由民主党,自由民主党・無所属の会,東京23,1,2026-05-19
河村たかし,かわむら たかし,無所属,無所属,愛知1,7,2026-05-19
菅家一郎,かんけ いちろう,自由民主党,自由民主党・無所属の会,（比）東北,5,2026-05-19
神田潤一,かんだ じゅんいち,自由民主党,自由民主党・無所属の会,青森2,3,2026-05-19
城内実,きうち みのる,自由民主党,自由民主党・無所属の会,静岡7,8,2026-05-19
黄川田仁志,きかわだ ひとし,自由民主党,自由民主党・無所属の会,埼玉3,6,2026-05-19
菊田真紀子,きくた まきこ,中道改革連合,中道改革連合・無所属,（比）北陸信越,9,2026-05-19
岸信千世,きし のぶちよ,自由民主党,自由民主党・無所属の会,山口2,3,2026-05-19
岸田文雄,きしだ ふみお,自由民主党,自由民主党・無所属の会,広島1,12,2026-05-19
喜多義典,きた よしのり,日本維新の会,日本維新の会,（比）中国,1,2026-05-19
北神圭朗,きたがみ けいろう,自由民主党,自由民主党・無所属の会,京都4,6,2026-05-19
木下敏之,きのした としゆき,参政党,参政党,（比）九州,1,2026-05-19
木原誠二,きはら せいじ,自由民主党,自由民主党・無所属の会,東京20,7,2026-05-19
木原稔,きはら みのる,自由民主党,自由民主党・無所属の会,熊本1,7,2026-05-19
木村次郎,きむら じろう,自由民主党,自由民主党・無所属の会,青森3,3,2026-05-19
金城泰邦,きんじょう やすくに,中道改革連合,中道改革連合・無所属,（比）九州,3,2026-05-19
草間剛,くさま つよし,自由民主党,自由民主党・無所属の会,神奈川19,2,2026-05-19
工藤彰三,くどう しょうぞう,自由民主党,自由民主党・無所属の会,愛知4,6,2026-05-19
工藤聖子,くどう せいこ,参政党,参政党,（比）南関東,1,2026-05-19
国定勇人,くにさだ いさと,自由民主党,自由民主党・無所属の会,新潟2,3,2026-05-19
國重徹,くにしげ とおる,中道改革連合,中道改革連合・無所属,（比）近畿,5,2026-05-19
国光あやの,くにみつ あやの,自由民主党,自由民主党・無所属の会,茨城6,4,2026-05-19
熊田裕通,くまだ ひろみち,自由民主党,自由民主党・無所属の会,（比）東海,5,2026-05-19
栗原渉,くりはら わたる,自由民主党,自由民主党・無所属の会,福岡5,2,2026-05-19
黒崎祐一,くろさき ゆういち,自由民主党,自由民主党・無所属の会,東京27,1,2026-05-19
黒田征樹,くろだ まさき,日本維新の会,日本維新の会,大阪16,2,2026-05-19
小池正昭,こいけ まさあき,自由民主党,自由民主党・無所属の会,千葉10,2,2026-05-19
小泉進次郎,こいずみ しんじろう,自由民主党,自由民主党・無所属の会,神奈川11,7,2026-05-19
小泉龍司,こいずみ りゅうじ,自由民主党,自由民主党・無所属の会,埼玉11,9,2026-05-19
河野太郎,こうの たろう,自由民主党,自由民主党・無所属の会,神奈川15,11,2026-05-19
高村正大,こうむら まさひろ,自由民主党,自由民主党・無所属の会,山口1,4,2026-05-19
こうらい啓一郎,こうらい けいいちろう,自由民主党,自由民主党・無所属の会,（比）近畿,1,2026-05-19
古賀篤,こが あつし,自由民主党,自由民主党・無所属の会,福岡3,6,2026-05-19
國場幸之助,こくば こうのすけ,自由民主党,自由民主党・無所属の会,沖縄1,6,2026-05-19
輿水恵一,こしみず けいいち,中道改革連合,中道改革連合・無所属,（比）北関東,5,2026-05-19
小寺裕雄,こてら ひろお,自由民主党,自由民主党・無所属の会,（比）近畿,4,2026-05-19
許斐亮太郎,このみ りょうたろう,国民民主党,国民民主党・無所属クラブ,（比）九州,2,2026-05-19
小林茂樹,こばやし しげき,自由民主党,自由民主党・無所属の会,奈良1,5,2026-05-19
小林修平,こばやし しゅうへい,チームみらい,チームみらい,（比）南関東,1,2026-05-19
小林鷹之,こばやし たかゆき,自由民主党,自由民主党・無所属の会,千葉2,6,2026-05-19
小林史明,こばやし ふみあき,自由民主党,自由民主党・無所属の会,広島6,6,2026-05-19
小森卓郎,こもり たくお,自由民主党,自由民主党・無所属の会,石川1,3,2026-05-19
今洋佑,こん ようすけ,自由民主党,自由民主党・無所属の会,（比）北陸信越,1,2026-05-19
近藤和也,こんどう かずや,中道改革連合,中道改革連合・無所属,（比）北陸信越,5,2026-05-19
近藤雅彦,こんどう まさひこ,国民民主党,国民民主党・無所属クラブ,（比）九州,1,2026-05-19
後藤茂之,ごとう しげゆき,自由民主党,自由民主党・無所属の会,長野4,9,2026-05-19
後藤祐一,ごとう ゆういち,中道改革連合,中道改革連合・無所属,（比）南関東,7,2026-05-19
斉木武志,さいき たけし,自由民主党,自由民主党・無所属の会,福井2,4,2026-05-19
西條昌良,さいじょう まさよし,自由民主党,自由民主党・無所属の会,（比）北関東,1,2026-05-19
斎藤アレックス,さいとう あれっくす,日本維新の会,日本維新の会,（比）近畿,3,2026-05-19
齋藤健,さいとう けん,自由民主党,自由民主党・無所属の会,千葉7,7,2026-05-19
斉藤鉄夫,さいとう てつお,中道改革連合,中道改革連合・無所属,（比）中国,12,2026-05-19
斎藤洋明,さいとう ひろあき,自由民主党,自由民主党・無所属の会,新潟3,6,2026-05-19
斉藤りえ,さいとう りえ,自由民主党,自由民主党・無所属の会,（比）東海,1,2026-05-19
坂井学,さかい まなぶ,自由民主党,自由民主党・無所属の会,神奈川5,7,2026-05-19
坂本哲志,さかもと てつし,自由民主党,自由民主党・無所属の会,熊本3,9,2026-05-19
坂本竜太郎,さかもと りゅうたろう,自由民主党,自由民主党・無所属の会,福島4,2,2026-05-19
笹川博義,ささがわ ひろよし,自由民主党,自由民主党・無所属の会,群馬3,6,2026-05-19
佐々木紀,ささき はじめ,自由民主党,自由民主党・無所属の会,石川2,6,2026-05-19
佐々木真琴,ささき まこと,国民民主党,国民民主党・無所属クラブ,（比）東北,1,2026-05-19
佐藤英道,さとう ひでみち,中道改革連合,中道改革連合・無所属,（比）北海道,6,2026-05-19
佐藤主迪,さとう まさし,自由民主党,自由民主党・無所属の会,神奈川16,1,2026-05-19
塩川鉄也,しおかわ てつや,日本共産党,日本共産党,（比）北関東,10,2026-05-19
塩崎彰久,しおざき あきひさ,自由民主党,自由民主党・無所属の会,愛媛1,3,2026-05-19
重徳和彦,しげとく かずひこ,中道改革連合,中道改革連合・無所属,（比）東海,6,2026-05-19
繁本護,しげもと まもる,自由民主党,自由民主党・無所属の会,（比）近畿,2,2026-05-19
階猛,しな たけし,中道改革連合,中道改革連合・無所属,岩手1,8,2026-05-19
柴山昌彦,しばやま まさひこ,自由民主党,自由民主党・無所属の会,埼玉8,9,2026-05-19
島尻安伊子,しまじり あいこ,自由民主党,自由民主党・無所属の会,沖縄3,3,2026-05-19
島田智明,しまだ ともあき,自由民主党,自由民主党・無所属の会,（比）近畿,2,2026-05-19
島村かおる,しまむら かおる,参政党,参政党,（比）中国,1,2026-05-19
下村博文,しもむら はくぶん,自由民主党,自由民主党・無所属の会,東京11,10,2026-05-19
庄子賢一,しょうじ けんいち,中道改革連合,中道改革連合・無所属,（比）東北,3,2026-05-19
白坂亜紀,しらさか あき,自由民主党,自由民主党・無所属の会,（比）九州,1,2026-05-19
新谷正義,しんたに まさよし,自由民主党,自由民主党・無所属の会,広島4,6,2026-05-19
新藤義孝,しんどう よしたか,自由民主党,自由民主党・無所属の会,埼玉2,10,2026-05-19
菅原一秀,すがわら いっしゅう,自由民主党,自由民主党・無所属の会,東京9,7,2026-05-19
鈴木英敬,すずき えいけい,自由民主党,自由民主党・無所属の会,三重4,3,2026-05-19
鈴木馨祐,すずき けいすけ,自由民主党,自由民主党・無所属の会,神奈川7,7,2026-05-19
鈴木俊一,すずき しゅんいち,自由民主党,自由民主党・無所属の会,岩手2,12,2026-05-19
鈴木淳司,すずき じゅんじ,自由民主党,自由民主党・無所属の会,（比）東海,7,2026-05-19
鈴木貴子,すずき たかこ,自由民主党,自由民主党・無所属の会,北海道7,6,2026-05-19
鈴木拓海,すずき たくみ,自由民主党,自由民主党・無所属の会,（比）北関東,1,2026-05-19
鈴木憲和,すずき のりかず,自由民主党,自由民主党・無所属の会,山形2,6,2026-05-19
鈴木隼人,すずき はやと,自由民主党,自由民主党・無所属の会,東京10,5,2026-05-19
鈴木美香,すずき みか,参政党,参政党,（比）東京,1,2026-05-19
鈴木義弘,すずき よしひろ,国民民主党,国民民主党・無所属クラブ,（比）北関東,5,2026-05-19
須田英太郎,すだ えいたろう,チームみらい,チームみらい,（比）東海,1,2026-05-19
住吉寛紀,すみよし ひろき,日本維新の会,日本維新の会,（比）近畿,2,2026-05-19
関健一郎,せき けんいちろう,日本維新の会,日本維新の会,（比）東海,2,2026-05-19
関芳弘,せき よしひろ,自由民主党,自由民主党・無所属の会,兵庫3,7,2026-05-19
世古万美子,せこ まみこ,自由民主党,自由民主党・無所属の会,（比）東海,1,2026-05-19
世耕弘成,せこう ひろしげ,自由民主党,自由民主党・無所属の会,和歌山2,2,2026-05-19
瀬戸隆一,せと たかかず,自由民主党,自由民主党・無所属の会,（比）四国,5,2026-05-19
園崎弘道,そのさき ひろみち,自由民主党,自由民主党・無所属の会,京都6,1,2026-05-19
平将明,たいら まさあき,自由民主党,自由民主党・無所属の会,東京4,8,2026-05-19
高市早苗,たかいち さなえ,自由民主党,自由民主党・無所属の会,奈良2,11,2026-05-19
高階恵美子,たかがい えみこ,自由民主党,自由民主党・無所属の会,島根1,2,2026-05-19
高木啓,たかぎ けい,自由民主党,自由民主党・無所属の会,東京12,4,2026-05-19
高木宏壽,たかぎ ひろひさ,自由民主党,自由民主党・無所属の会,北海道3,4,2026-05-19
高沢一基,たかざわ かずもと,国民民主党,国民民主党・無所属クラブ,（比）東京,1,2026-05-19
高鳥修一,たかとり しゅういち,自由民主党,自由民主党・無所属の会,新潟5,6,2026-05-19
高橋祐介,たかはし ゆうすけ,自由民主党,自由民主党・無所属の会,北海道2,2,2026-05-19
高見康裕,たかみ やすひろ,自由民主党,自由民主党・無所属の会,島根2,3,2026-05-19
高見亮,たかみ りょう,日本維新の会,日本維新の会,大阪2,1,2026-05-19
高山聡史,たかやま さとし,チームみらい,チームみらい,（比）東京,1,2026-05-19
武井俊輔,たけい しゅんすけ,自由民主党,自由民主党・無所属の会,（比）九州,5,2026-05-19
武田良太,たけだ りょうた,自由民主党,自由民主党・無所属の会,福岡11,8,2026-05-19
武部新,たけべ あらた,自由民主党,自由民主党・無所属の会,北海道12,6,2026-05-19
武村展英,たけむら のぶひで,自由民主党,自由民主党・無所属の会,滋賀3,6,2026-05-19
田嶋要,たじま かなめ,中道改革連合,中道改革連合・無所属,（比）南関東,9,2026-05-19
橘慶一郎,たちばな けいいちろう,自由民主党,自由民主党・無所属の会,富山3,7,2026-05-19
辰巳孝太郎,たつみ こうたろう,日本共産党,日本共産党,（比）近畿,2,2026-05-19
田所嘉徳,たどころ よしのり,自由民主党,自由民主党・無所属の会,茨城1,6,2026-05-19
田中和徳,たなか かずのり,自由民主党,自由民主党・無所属の会,神奈川10,11,2026-05-19
田中健,たなか けん,国民民主党,国民民主党・無所属クラブ,（比）東海,3,2026-05-19
田中昌史,たなか まさし,自由民主党,自由民主党・無所属の会,（比）東京,1,2026-05-19
田中良生,たなか りょうせい,自由民主党,自由民主党・無所属の会,埼玉15,7,2026-05-19
棚橋泰文,たなはし やすふみ,自由民主党,自由民主党・無所属の会,岐阜2,11,2026-05-19
谷公一,たに こういち,自由民主党,自由民主党・無所属の会,兵庫5,9,2026-05-19
谷浩一郎,たに こういちろう,参政党,参政党,（比）近畿,1,2026-05-19
谷川とむ,たにがわ とむ,自由民主党,自由民主党・無所属の会,大阪19,4,2026-05-19
田野瀬太道,たのせ たいどう,自由民主党,自由民主党・無所属の会,奈良3,6,2026-05-19
田畑裕明,たばた ひろあき,自由民主党,自由民主党・無所属の会,（比）北陸信越,6,2026-05-19
玉木雄一郎,たまき ゆういちろう,国民民主党,国民民主党・無所属クラブ,香川2,7,2026-05-19
田宮寿人,たみや ひさと,自由民主党,自由民主党・無所属の会,千葉9,1,2026-05-19
田村智子,たむら ともこ,日本共産党,日本共産党,（比）東京,2,2026-05-19
田村憲久,たむら のりひさ,自由民主党,自由民主党・無所属の会,三重1,11,2026-05-19
俵田祐児,たわらだ ゆうじ,自由民主党,自由民主党・無所属の会,（比）中国,1,2026-05-19
丹野みどり,たんの みどり,国民民主党,国民民主党・無所属クラブ,愛知11,2,2026-05-19
津島淳,つしま じゅん,自由民主党,自由民主党・無所属の会,青森1,6,2026-05-19
辻清人,つじ きよと,自由民主党,自由民主党・無所属の会,東京2,6,2026-05-19
辻秀樹,つじ ひでき,自由民主党,自由民主党・無所属の会,（比）東海,1,2026-05-19
辻由布子,つじ ゆうこ,自由民主党,自由民主党・無所属の会,（比）東京,1,2026-05-19
土田慎,つちだ しん,自由民主党,自由民主党・無所属の会,東京13,3,2026-05-19
土屋品子,つちや しなこ,自由民主党,自由民主党・無所属の会,埼玉16,10,2026-05-19
角田秀穂,つのだ ひでお,中道改革連合,中道改革連合・無所属,（比）南関東,4,2026-05-19
寺田稔,てらだ みのる,自由民主党,自由民主党・無所属の会,（比）中国,8,2026-05-19
渡海紀三朗,とかい きさぶろう,自由民主党,自由民主党・無所属の会,兵庫10,12,2026-05-19
とかしきなおみ,とかしき なおみ,自由民主党,自由民主党・無所属の会,（比）近畿,5,2026-05-19
冨樫博之,とがし ひろゆき,自由民主党,自由民主党・無所属の会,秋田1,6,2026-05-19
豊田真由子,とよた まゆこ,参政党,参政党,（比）北関東,3,2026-05-19
土井亨,どい とおる,自由民主党,自由民主党・無所属の会,宮城1,6,2026-05-19
土橋章宏,どばし あきひろ,チームみらい,チームみらい,（比）東京,1,2026-05-19
中川こういち,なかがわ こういち,自由民主党,自由民主党・無所属の会,北海道11,1,2026-05-19
中川貴元,なかがわ たかもと,自由民主党,自由民主党・無所属の会,（比）東海,2,2026-05-19
中川宏昌,なかがわ ひろまさ,中道改革連合,中道改革連合・無所属,（比）北陸信越,3,2026-05-19
中川康洋,なかがわ やすひろ,中道改革連合,中道改革連合・無所属,（比）東海,4,2026-05-19
中曽根康隆,なかそね やすたか,自由民主党,自由民主党・無所属の会,群馬1,4,2026-05-19
中谷元,なかたに げん,自由民主党,自由民主党・無所属の会,高知1,13,2026-05-19
中谷真一,なかたに しんいち,自由民主党,自由民主党・無所属の会,山梨1,6,2026-05-19
中田宏,なかだ ひろし,自由民主党,自由民主党・無所属の会,富山1,5,2026-05-19
中司宏,なかつか ひろし,日本維新の会,日本維新の会,大阪11,3,2026-05-19
中西健治,なかにし けんじ,自由民主党,自由民主党・無所属の会,神奈川3,3,2026-05-19
中根一幸,なかね かずゆき,自由民主党,自由民主党・無所属の会,（比）北関東,6,2026-05-19
中野英幸,なかの ひでゆき,自由民主党,自由民主党・無所属の会,埼玉7,3,2026-05-19
中野洋昌,なかの ひろまさ,中道改革連合,中道改革連合・無所属,（比）近畿,6,2026-05-19
中村はやと,なかむら はやと,無所属,無所属,茨城7,2,2026-05-19
中村裕之,なかむら ひろゆき,自由民主党,自由民主党・無所属の会,北海道4,6,2026-05-19
なかやめぐ,なかや めぐ,参政党,参政党,（比）南関東,1,2026-05-19
中山展宏,なかやま のりひろ,自由民主党,自由民主党・無所属の会,（比）四国,5,2026-05-19
中山泰秀,なかやま やすひで,自由民主党,自由民主党・無所属の会,（比）近畿,6,2026-05-19
永岡桂子,ながおか けいこ,自由民主党,自由民主党・無所属の会,（比）北関東,8,2026-05-19
長坂康正,ながさか やすまさ,自由民主党,自由民主党・無所属の会,愛知9,6,2026-05-19
長澤興祐,ながさわ こうすけ,自由民主党,自由民主党・無所属の会,東京29,1,2026-05-19
長島昭久,ながしま あきひさ,自由民主党,自由民主党・無所属の会,東京30,9,2026-05-19
永田磨梨奈,ながた まりな,自由民主党,自由民主党・無所属の会,神奈川4,1,2026-05-19
長妻昭,ながつま あきら,中道改革連合,中道改革連合・無所属,（比）東京,10,2026-05-19
長友慎治,ながとも しんじ,国民民主党,国民民主党・無所属クラブ,宮崎2,3,2026-05-19
長野春信,ながの はるのぶ,自由民主党,自由民主党・無所属の会,（比）南関東,1,2026-05-19
鍋島勢理,なべしま せり,国民民主党,国民民主党・無所属クラブ,（比）中国,1,2026-05-19
仁木博文,にき ひろぶみ,自由民主党,自由民主党・無所属の会,徳島1,4,2026-05-19
西岡秀子,にしおか ひでこ,国民民主党,国民民主党・無所属クラブ,長崎1,4,2026-05-19
西岡義高,にしおか よしたか,国民民主党,国民民主党・無所属クラブ,（比）南関東,2,2026-05-19
西園勝秀,にしぞの かつひで,中道改革連合,中道改革連合・無所属,（比）東海,2,2026-05-19
西田薫,にしだ かおる,日本維新の会,日本維新の会,大阪6,2,2026-05-19
西田昭二,にしだ しょうじ,自由民主党,自由民主党・無所属の会,石川3,4,2026-05-19
西野太亮,にしの だいすけ,自由民主党,自由民主党・無所属の会,熊本2,3,2026-05-19
西村明宏,にしむら あきひろ,自由民主党,自由民主党・無所属の会,宮城3,7,2026-05-19
西村智奈美,にしむら ちなみ,中道改革連合,中道改革連合・無所属,（比）北陸信越,8,2026-05-19
西村康稔,にしむら やすとし,自由民主党,自由民主党・無所属の会,兵庫9,9,2026-05-19
西銘恒三郎,にしめ こうさぶろう,自由民主党,自由民主党・無所属の会,沖縄4,8,2026-05-19
西山尚利,にしやま なおとし,自由民主党,自由民主党・無所属の会,福島1,1,2026-05-19
新田章文,にった しょうぶん,自由民主党,自由民主党・無所属の会,神奈川2,1,2026-05-19
丹羽秀樹,にわ ひでき,自由民主党,自由民主党・無所属の会,愛知6,8,2026-05-19
額賀福志郎,ぬかが ふくしろう,自由民主党,自由民主党・無所属の会,茨城2,15,2026-05-19
沼崎満子,ぬまざき みつこ,中道改革連合,中道改革連合・無所属,（比）南関東,2,2026-05-19
根本拓,ねもと たく,自由民主党,自由民主党・無所属の会,福島2,2,2026-05-19
根本幸典,ねもと ゆきのり,自由民主党,自由民主党・無所属の会,愛知15,6,2026-05-19
野田聖子,のだ せいこ,自由民主党,自由民主党・無所属の会,岐阜1,12,2026-05-19
野田佳彦,のだ よしひこ,中道改革連合,中道改革連合・無所属,千葉14,11,2026-05-19
野中厚,のなか あつし,自由民主党,自由民主党・無所属の会,埼玉12,6,2026-05-19
野間健,のま たけし,中道改革連合,中道改革連合・無所属,鹿児島3,5,2026-05-19
野村美穂,のむら みほ,国民民主党,国民民主党・無所属クラブ,（比）東海,1,2026-05-19
萩生田光一,はぎうだ こういち,自由民主党,自由民主党・無所属の会,東京24,8,2026-05-19
萩原佳,はぎはら けい,日本維新の会,日本維新の会,大阪9,2,2026-05-19
橋本岳,はしもと がく,自由民主党,自由民主党・無所属の会,岡山4,6,2026-05-19
橋本幹彦,はしもと みきひこ,国民民主党,国民民主党・無所属クラブ,（比）北関東,2,2026-05-19
長谷川淳二,はせがわ じゅんじ,自由民主党,自由民主党・無所属の会,愛媛3,3,2026-05-19
畑野君枝,はたの きみえ,日本共産党,日本共産党,（比）南関東,3,2026-05-19
鳩山二郎,はとやま じろう,自由民主党,自由民主党・無所属の会,福岡6,5,2026-05-19
葉梨康弘,はなし やすひろ,自由民主党,自由民主党・無所属の会,茨城3,8,2026-05-19
浜田靖一,はまだ やすかず,自由民主党,自由民主党・無所属の会,千葉12,12,2026-05-19
浜地雅一,はまち まさかず,中道改革連合,中道改革連合・無所属,（比）九州,6,2026-05-19
林拓海,はやし たくみ,チームみらい,チームみらい,（比）東北,1,2026-05-19
林芳正,はやし よしまさ,自由民主党,自由民主党・無所属の会,山口3,3,2026-05-19
原田直樹,はらだ なおき,中道改革連合,中道改革連合・無所属,（比）南関東,1,2026-05-19
原山大亮,はらやま だいすけ,日本維新の会,日本維新の会,（比）近畿,1,2026-05-19
馬場伸幸,ばば のぶゆき,日本維新の会,日本維新の会,大阪17,6,2026-05-19
東田淳平,ひがしだ じゅんぺい,自由民主党,自由民主党・無所属の会,（比）近畿,1,2026-05-19
日野紗里亜,ひの さりあ,国民民主党,国民民主党・無所属クラブ,愛知7,2,2026-05-19
平井卓也,ひらい たくや,自由民主党,自由民主党・無所属の会,（比）四国,10,2026-05-19
平口洋,ひらぐち ひろし,自由民主党,自由民主党・無所属の会,広島2,7,2026-05-19
平沢勝栄,ひらさわ かつえい,自由民主党,自由民主党・無所属の会,東京17,11,2026-05-19
平沼正二郎,ひらぬま しょうじろう,自由民主党,自由民主党・無所属の会,（比）中国,3,2026-05-19
平林晃,ひらばやし あきら,中道改革連合,中道改革連合・無所属,（比）中国,3,2026-05-19
広瀬建,ひろせ けん,自由民主党,自由民主党・無所属の会,大分2,2,2026-05-19
深作ヘスス,ふかさく へすす,国民民主党,国民民主党・無所属クラブ,（比）南関東,2,2026-05-19
深澤陽一,ふかざわ よういち,自由民主党,自由民主党・無所属の会,静岡4,4,2026-05-19
福重隆浩,ふくしげ たかひろ,中道改革連合,中道改革連合・無所属,（比）北関東,3,2026-05-19
福田徹,ふくた とおる,国民民主党,国民民主党・無所属クラブ,（比）東海,2,2026-05-19
福田かおる,ふくだ かおる,自由民主党,自由民主党・無所属の会,東京18,2,2026-05-19
福田達夫,ふくだ たつお,自由民主党,自由民主党・無所属の会,群馬4,6,2026-05-19
福原淳嗣,ふくはら じゅんじ,自由民主党,自由民主党・無所属の会,秋田2,2,2026-05-19
藤井比早之,ふじい ひさゆき,自由民主党,自由民主党・無所属の会,兵庫4,6,2026-05-19
藤沢忠盛,ふじさわ ただもり,自由民主党,自由民主党・無所属の会,（比）東海,1,2026-05-19
藤田ひかる,ふじた ひかる,自由民主党,自由民主党・無所属の会,長野2,1,2026-05-19
藤田文武,ふじた ふみたけ,日本維新の会,日本維新の会,大阪12,4,2026-05-19
藤田誠,ふじた まこと,自由民主党,自由民主党・無所属の会,埼玉14,1,2026-05-19
藤田洋司,ふじた ようじ,自由民主党,自由民主党・無所属の会,（比）近畿,1,2026-05-19
藤丸敏,ふじまる さとし,自由民主党,自由民主党・無所属の会,福岡7,6,2026-05-19
藤原崇,ふじわら たかし,自由民主党,自由民主党・無所属の会,岩手3,5,2026-05-19
文月涼,ふづき りょう,自由民主党,自由民主党・無所属の会,（比）南関東,1,2026-05-19
船田元,ふなだ はじめ,自由民主党,自由民主党・無所属の会,栃木1,15,2026-05-19
古井康介,ふるい こうすけ,自由民主党,自由民主党・無所属の会,（比）北陸信越,1,2026-05-19
古川あおい,ふるかわ あおい,チームみらい,チームみらい,（比）九州,1,2026-05-19
古川直季,ふるかわ なおき,自由民主党,自由民主党・無所属の会,神奈川6,3,2026-05-19
古川元久,ふるかわ もとひさ,国民民主党,国民民主党・無所属クラブ,愛知2,11,2026-05-19
古川康,ふるかわ やすし,自由民主党,自由民主党・無所属の会,佐賀2,5,2026-05-19
古川禎久,ふるかわ よしひさ,自由民主党,自由民主党・無所属の会,宮崎3,9,2026-05-19
古屋圭司,ふるや けいじ,自由民主党,自由民主党・無所属の会,岐阜5,13,2026-05-19
穂坂泰,ほさか やすし,自由民主党,自由民主党・無所属の会,埼玉4,4,2026-05-19
星野剛士,ほしの つよし,自由民主党,自由民主党・無所属の会,神奈川12,6,2026-05-19
細田健一,ほそだ けんいち,自由民主党,自由民主党・無所属の会,（比）東海,5,2026-05-19
細野豪志,ほその ごうし,自由民主党,自由民主党・無所属の会,静岡5,10,2026-05-19
堀内詔子,ほりうち のりこ,自由民主党,自由民主党・無所属の会,山梨2,6,2026-05-19
本田太郎,ほんだ たろう,自由民主党,自由民主党・無所属の会,京都5,4,2026-05-19
前川恵,まえかわ めぐみ,自由民主党,自由民主党・無所属の会,（比）北関東,2,2026-05-19
前原誠司,まえはら せいじ,日本維新の会,日本維新の会,京都2,12,2026-05-19
牧島かれん,まきしま かれん,自由民主党,自由民主党・無所属の会,神奈川17,6,2026-05-19
牧野俊一,まきの しゅんいち,参政党,参政党,（比）九州,1,2026-05-19
松下英樹,まつした ひでき,自由民主党,自由民主党・無所属の会,北海道9,1,2026-05-19
松島みどり,まつしま みどり,自由民主党,自由民主党・無所属の会,東京14,9,2026-05-19
松野博一,まつの ひろかず,自由民主党,自由民主党・無所属の会,千葉3,10,2026-05-19
松本泉,まつもと いずみ,自由民主党,自由民主党・無所属の会,千葉8,1,2026-05-19
松本尚,まつもと ひさし,自由民主党,自由民主党・無所属の会,千葉13,3,2026-05-19
松本洋平,まつもと ようへい,自由民主党,自由民主党・無所属の会,東京19,7,2026-05-19
丸尾なつ子,まるお なつこ,自由民主党,自由民主党・無所属の会,神奈川1,1,2026-05-19
丸川珠代,まるかわ たまよ,自由民主党,自由民主党・無所属の会,東京7,1,2026-05-19
丸田康一郎,まるた こういちろう,自由民主党,自由民主党・無所属の会,神奈川13,1,2026-05-19
三木圭恵,みき けえ,日本維新の会,日本維新の会,（比）近畿,4,2026-05-19
水野よしひこ,みずの よしひこ,自由民主党,自由民主党・無所属の会,愛知3,1,2026-05-19
三反園訓,みたぞの さとし,自由民主党,自由民主党・無所属の会,鹿児島2,3,2026-05-19
三谷英弘,みたに ひでひろ,自由民主党,自由民主党・無所属の会,神奈川8,5,2026-05-19
三ッ林裕巳,みつばやし ひろみ,自由民主党,自由民主党・無所属の会,埼玉13,5,2026-05-19
峰島侑也,みねしま ゆうや,チームみらい,チームみらい,（比）東京,1,2026-05-19
美延映夫,みのべ てるお,日本維新の会,日本維新の会,大阪4,4,2026-05-19
御法川信英,みのりかわ のぶひで,自由民主党,自由民主党・無所属の会,（比）東北,8,2026-05-19
三原朝利,みはら あさと,自由民主党,自由民主党・無所属の会,（比）九州,1,2026-05-19
宮内秀樹,みやうち ひでき,自由民主党,自由民主党・無所属の会,福岡4,6,2026-05-19
宮崎政久,みやざき まさひさ,自由民主党,自由民主党・無所属の会,沖縄2,6,2026-05-19
宮下一郎,みやした いちろう,自由民主党,自由民主党・無所属の会,長野5,8,2026-05-19
宮路拓馬,みやじ たくま,自由民主党,自由民主党・無所属の会,鹿児島1,5,2026-05-19
向山淳,むこうやま じゅん,自由民主党,自由民主党・無所属の会,北海道8,2,2026-05-19
向山好一,むこやま こういち,国民民主党,国民民主党・無所属クラブ,（比）近畿,3,2026-05-19
武藤かず子,むとう かずこ,チームみらい,チームみらい,（比）北関東,1,2026-05-19
武藤容治,むとう ようじ,自由民主党,自由民主党・無所属の会,岐阜3,7,2026-05-19
宗清皇一,むねきよ こういち,自由民主党,自由民主党・無所属の会,（比）近畿,4,2026-05-19
村井英樹,むらい ひでき,自由民主党,自由民主党・無所属の会,埼玉1,6,2026-05-19
村岡敏英,むらおか としひで,国民民主党,国民民主党・無所属クラブ,秋田3,4,2026-05-19
村上誠一郎,むらかみ せいいちろう,自由民主党,自由民主党・無所属の会,（比）四国,14,2026-05-19
村上智信,むらかみ とものぶ,日本維新の会,日本維新の会,（比）九州,2,2026-05-19
村木汀,むらき なぎさ,自由民主党,自由民主党・無所属の会,（比）北海道,1,2026-05-19
茂木敏充,もてぎ としみつ,自由民主党,自由民主党・無所属の会,栃木5,12,2026-05-19
森英介,もり えいすけ,無所属,無所属,千葉11,13,2026-05-19
森ようすけ,もり ようすけ,国民民主党,国民民主党・無所属クラブ,（比）東京,2,2026-05-19
森下千里,もりした ちさと,自由民主党,自由民主党・無所属の会,宮城4,2,2026-05-19
森原紀代子,もりはら きよこ,自由民主党,自由民主党・無所属の会,（比）東京,1,2026-05-19
森山裕,もりやま ひろし,自由民主党,自由民主党・無所属の会,鹿児島4,9,2026-05-19
盛山正仁,もりやま まさひと,自由民主党,自由民主党・無所属の会,兵庫1,6,2026-05-19
保岡宏武,やすおか ひろたけ,自由民主党,自由民主党・無所属の会,（比）九州,2,2026-05-19
簗和生,やな かずお,自由民主党,自由民主党・無所属の会,（比）北関東,6,2026-05-19
山岡達丸,やまおか たつまる,中道改革連合,中道改革連合・無所属,（比）北海道,5,2026-05-19
山際大志郎,やまぎわ だいしろう,自由民主党,自由民主党・無所属の会,神奈川18,8,2026-05-19
山口俊一,やまぐち しゅんいち,自由民主党,自由民主党・無所属の会,徳島2,13,2026-05-19
山口晋,やまぐち すすむ,自由民主党,自由民主党・無所属の会,埼玉10,2,2026-05-19
山口壯,やまぐち つよし,自由民主党,自由民主党・無所属の会,兵庫12,9,2026-05-19
山崎正恭,やまさき まさやす,中道改革連合,中道改革連合・無所属,（比）四国,3,2026-05-19
山下史守朗,やました しずお,自由民主党,自由民主党・無所属の会,愛知16,1,2026-05-19
山下貴司,やました たかし,自由民主党,自由民主党・無所属の会,岡山2,6,2026-05-19
山田瑛理,やまだ えり,チームみらい,チームみらい,（比）南関東,1,2026-05-19
山田賢司,やまだ けんじ,自由民主党,自由民主党・無所属の会,兵庫7,6,2026-05-19
山田美樹,やまだ みき,自由民主党,自由民主党・無所属の会,東京1,5,2026-05-19
山田基靖,やまだ もとやす,自由民主党,自由民主党・無所属の会,兵庫11,1,2026-05-19
山本香苗,やまもと かなえ,中道改革連合,中道改革連合・無所属,（比）近畿,1,2026-05-19
山本左近,やまもと さこん,自由民主党,自由民主党・無所属の会,（比）東海,2,2026-05-19
山本深,やまもと しん,自由民主党,自由民主党・無所属の会,広島5,1,2026-05-19
山本ジョージ,やまもと じょーじ,無所属,無所属,（比）南関東,3,2026-05-19
山本大地,やまもと だいち,自由民主党,自由民主党・無所属の会,和歌山1,2,2026-05-19
山本裕三,やまもと ゆうぞう,自由民主党,自由民主党・無所属の会,静岡3,1,2026-05-19
横田光弘,よこた みつひろ,日本維新の会,日本維新の会,（比）南関東,1,2026-05-19
吉川里奈,よしかわ りな,参政党,参政党,（比）東京,2,2026-05-19
吉田真次,よしだ しんじ,自由民主党,自由民主党・無所属の会,（比）中国,3,2026-05-19
吉田宣弘,よしだ のぶひろ,中道改革連合,中道改革連合・無所属,（比）九州,5,2026-05-19
吉田有理,よしだ ゆうり,自由民主党,自由民主党・無所属の会,（比）北海道,1,2026-05-19
吉村悠,よしむら はるか,自由民主党,自由民主党・無所属の会,福岡10,1,2026-05-19
米内紘正,よない ひろまさ,自由民主党,自由民主党・無所属の会,（比）東北,1,2026-05-19
笠浩史,りゅう ひろふみ,中道改革連合,中道改革連合・無所属,（比）南関東,9,2026-05-19
若狹清史,わかさ きよし,日本維新の会,日本維新の会,（比）北陸信越,1,2026-05-19
若林健太,わかばやし けんた,自由民主党,自由民主党・無所属の会,長野1,2,2026-05-19
若宮健嗣,わかみや けんじ,自由民主党,自由民主党・無所属の会,東京5,6,2026-05-19
若山慎司,わかやま しんじ,自由民主党,自由民主党・無所属の会,愛知10,2,2026-05-19
鷲尾英一郎,わしお えいいちろう,自由民主党,自由民主党・無所属の会,新潟4,7,2026-05-19
早稲田ゆき,わせだ ゆき,中道改革連合,中道改革連合・無所属,（比）南関東,4,2026-05-19
渡辺藍理,わたなべ あいり,参政党,参政党,（比）東海,1,2026-05-19
渡辺勝幸,わたなべ かつゆき,自由民主党,自由民主党・無所属の会,宮城2,1,2026-05-19
渡辺孝一,わたなべ こういち,自由民主党,自由民主党・無所属の会,（比）北海道,5,2026-05-19
渡辺真太朗,わたなべ しんたろう,無所属,無所属,栃木3,1,2026-05-19
渡辺創,わたなべ そう,中道改革連合,中道改革連合・無所属,宮崎1,3,2026-05-19
渡辺博道,わたなべ ひろみち,自由民主党,自由民主党・無所属の会,千葉6,9,2026-05-19
和田政宗,わだ まさむね,参政党,参政党,（比）東北,1,2026-05-19
和田義明,わだ よしあき,自由民主党,自由民主党・無所属の会,北海道5,4,2026-05-19
